Object,Mass (kg),Radius (m),J (kg·m²/s),Schwarz Term,Spin Term,GR dτ/dt,VAM dτ/dt,Obs dτ/dt,GR Orbital dτ/dt,VAM Orbital dτ/dt,Obs Orbital dτ/dt,GR Ω_eff (rad/s),VAM Ω_eff (rad/s),Obs Ω_eff (rad/s),GR Ω_LT (rad/s),VAM Ω_LT (rad/s),Obs Ω_LT (rad/s),GR GeoPrec (rad/s),VAM GeoPrec (rad/s),GeoPrec (arcsec/yr),GR LT Prec (rad/s),VAM LT Prec (rad/s),LT Prec (arcsec/yr)
Electron,9.1093837015e-31,2.8179403262e-15,9.132859689146822e-35,4.801219010301725e-43,8.116590444440976e-82,1.0,0.9999990991512445,,,,1.0,,,,,,,,,,,,
Proton,1.67262192369e-27,8.4e-16,9.132859689146822e-35,2.957418684515121e-39,1.0279776122535e-79,1.0,0.999996332891934,1.0,,,1.0,,,,,,,,,,,,
Earth,5.972e+24,6371000.0,7.07e+33,1.3922156373309268e-09,1.8616397222126493e-31,0.9999999993038922,0.9999999993038922,0.999999999303,7909.680758057496,,7910.0,0.001241513235170487,,0.00124,4.060606561103333e-14,,3.03e-14,1.1114719781002413e-12,,7.234818129682987,3.3826361502962395e-14,,0.22018330491888619
Sun,1.98847e+30,696340000.0,4.839267776373851e+42,4.241231843735644e-06,6.111687855109e-22,0.9999978793818296,0.9999978793818296,0.9999979,436567.79684912664,,437000.0,0.000626946314803504,,0.000627,2.1286778349195707e-11,,2e-11,,,,,,
Neutron Star,2.783858e+30,10000.0,4.8976187912048174e+41,0.413467513489363,0.00014718284276807504,0.7659501741976464,0.7658540895697019,0.76,129035486.34427191,,130000000.0,12903.548636853571,,12900.0,727.4100416106838,,700.0,,,,,,
