{
  "r_c_median": 1.409826662139147e-15,
  "r_c_16%": 1.409826662139147e-15,
  "r_c_84%": 1.409826662139147e-15,
  "rho_median": 1.244985680091828e-07,
  "rho_16%": 1.7960910247723834e-08,
  "rho_84%": 1.5533330690510753e-06
}