{
  "r_c_est": 1.409826662139147e-15,
  "rho_ae_fluid_est": 6.987249914130711e-07
}