{
  "r_c_est": 1.409826662139147e-15,
  "r_c_mse": 3.1678259532385195e-08,
  "rho_est": 6.987249914130712e-07,
  "rho_mse": 1.594278436035703e-32
}