file,knot_id,harmonics_N,closure_error,length_series_units,scale_m_per_unit,length_m,writhe,crossing_est,sigma,sigma_source,Hvortex_X(b0=3),hyperbolic_volume_meta,Hvortex_Vol(Vol/Vol(4_1)),xi,K_fluid_kg_per_m,K_energy_kg_per_m,mass_fluid_kg,mass_energy_kg,type_meta,chiral_meta
knot.4_1.fseries,4_1,10,0.00443508896186312,3.824577994233627,1.0,3.824577994233627,-0.5027996724739326,1,0.0,meta,0.0,2.029883212819307,,1.0,9.844625550645778e-39,8.226091068037216e-09,0.0,0.0,hyperbolic,no
knot.4_1d.fseries,4_1d,11,,,1.0,,0.0,0,0.0,writhe_fallback,0.0,,,1.0,9.844625550645778e-39,8.226091068037216e-09,,,,
knot.4_1p.fseries,4_1p,11,,,1.0,,0.0,0,0.0,writhe_fallback,0.0,,,1.0,9.844625550645778e-39,8.226091068037216e-09,,,,
knot.4_1z.fseries,4_1z,10,0.006134358235934014,4.05031074957196,1.0,4.05031074957196,0.00044982985757636474,1,0.0,writhe_fallback,0.0,,,1.0,9.844625550645778e-39,8.226091068037216e-09,0.0,0.0,,
