{
  "u_ae_Pa": 418774.3917945338,
  "alpha": 10.0,
  "pA_Pa": 150000000.0,
  "pB_Pa": 370000000.0,
  "frac_shift_pred": 0.01146691934120125,
  "T_fit_A_K": 30500.0,
  "T_fit_B_K": 30500.0,
  "dT_over_T_obs": 0.0,
  "sigma_relA": 0.00018957134761276,
  "sigma_relB": 0.00020253006460527274,
  "z_score": -41.33579517728256,
  "model": "planck"
}