collapse_pressure_Pa,p_ae_over_p,predicted_deltaT_over_T_percent
150000000.0,0.0027918292786302252,1.2856848958316556
370000000.0,0.001131822680525767,0.5212236064182387
500000000.0,0.0008375487835890677,0.3857054687494967
1000000000.0,0.00041877439179453384,0.19285273437474834
